{"cameraMode":{"drawMode":0,"name":"Shaded","section":"Shading Mode"},"sceneLighting":false,"audioPlay":false,"sceneViewState":{"m_AlwaysRefresh":false,"showFog":true,"showSkybox":false,"showFlares":true,"showImageEffects":true,"showParticleSystems":true,"showVisualEffectGraphs":true,"m_FxEnabled":true},"in2DMode":false,"pivot":{"x":0.7976178526878357,"y":5.625862121582031,"z":4.918557167053223},"rotation":{"x":0.026974430307745935,"y":0.9697943329811096,"z":-0.20759156346321107,"w":0.12519101798534394},"size":0.6030515432357788,"orthographic":false}