{"cameraMode":{"drawMode":0,"name":"Shaded","section":"Shading Mode"},"sceneLighting":false,"audioPlay":false,"sceneViewState":{"m_AlwaysRefresh":false,"showFog":true,"showSkybox":false,"showFlares":true,"showImageEffects":true,"showParticleSystems":true,"showVisualEffectGraphs":true,"m_FxEnabled":true},"in2DMode":false,"pivot":{"x":3.0113162994384767,"y":3.1367390155792238,"z":-7.993777751922607},"rotation":{"x":-0.03461466357111931,"y":-0.9060499668121338,"z":0.07577448338270188,"w":-0.41506436467170718},"size":1.3912169933319092,"orthographic":false}