{"cameraMode":{"drawMode":0,"name":"Shaded","section":"Shading Mode"},"sceneLighting":false,"audioPlay":false,"sceneViewState":{"m_AlwaysRefresh":false,"showFog":true,"showSkybox":false,"showFlares":true,"showImageEffects":true,"showParticleSystems":true,"showVisualEffectGraphs":true,"m_FxEnabled":true},"in2DMode":false,"pivot":{"x":2.7513954639434816,"y":3.723248243331909,"z":-2.533430576324463},"rotation":{"x":0.026646757498383523,"y":0.9071147441864014,"z":-0.058032650500535968,"w":0.41619375348091128},"size":1.4702261686325074,"orthographic":false}