{"cameraMode":{"drawMode":0,"name":"Shaded","section":"Shading Mode"},"sceneLighting":false,"audioPlay":false,"sceneViewState":{"m_AlwaysRefresh":false,"showFog":true,"showSkybox":false,"showFlares":true,"showImageEffects":true,"showParticleSystems":true,"showVisualEffectGraphs":true,"m_FxEnabled":true},"in2DMode":false,"pivot":{"x":1.8620402812957764,"y":4.207992076873779,"z":3.2049713134765627},"rotation":{"x":0.042974069714546207,"y":-0.9160040616989136,"z":0.1020953580737114,"w":0.3855527639389038},"size":0.7115049362182617,"orthographic":true}