{"cameraMode":{"drawMode":0,"name":"Shaded","section":"Shading Mode"},"sceneLighting":false,"audioPlay":false,"sceneViewState":{"m_AlwaysRefresh":false,"showFog":true,"showSkybox":false,"showFlares":true,"showImageEffects":true,"showParticleSystems":true,"showVisualEffectGraphs":true,"m_FxEnabled":true},"in2DMode":false,"pivot":{"x":-4.914485931396484,"y":38.84213638305664,"z":774.1698608398438},"rotation":{"x":0.0017194582615047694,"y":-0.7007343173027039,"z":0.0016703762812539936,"w":0.7135187387466431},"size":0.8660253882408142,"orthographic":false}