{"cameraMode":{"drawMode":0,"name":"Shaded","section":"Shading Mode"},"sceneLighting":true,"audioPlay":false,"sceneViewState":{"m_AlwaysRefresh":false,"showFog":true,"showSkybox":true,"showFlares":true,"showImageEffects":true,"showParticleSystems":true,"showVisualEffectGraphs":true,"m_FxEnabled":true},"in2DMode":false,"pivot":{"x":-1.7042378187179566,"y":-6.381430149078369,"z":20.22896385192871},"rotation":{"x":0.1673852950334549,"y":-0.03844231367111206,"z":0.006539769936352968,"w":0.9850906729698181},"size":12.461819648742676,"orthographic":false}