{"cameraMode":{"drawMode":0,"name":"Shaded","section":"Shading Mode"},"sceneLighting":false,"audioPlay":false,"sceneViewState":{"m_AlwaysRefresh":false,"showFog":true,"showSkybox":false,"showFlares":true,"showImageEffects":true,"showParticleSystems":true,"showVisualEffectGraphs":true,"m_FxEnabled":true},"in2DMode":false,"pivot":{"x":2.219999313354492,"y":3.7790374755859377,"z":-2.044830799102783},"rotation":{"x":-0.15502198040485383,"y":0.31632494926452639,"z":-0.052476122975349429,"w":-0.9344556927680969},"size":1.0979485511779786,"orthographic":false}