{"cameraMode":{"drawMode":0,"name":"Shaded","section":"Shading Mode"},"sceneLighting":false,"audioPlay":false,"sceneViewState":{"m_AlwaysRefresh":false,"showFog":false,"showSkybox":false,"showFlares":false,"showImageEffects":false,"showParticleSystems":false,"showVisualEffectGraphs":true,"m_FxEnabled":true},"in2DMode":false,"pivot":{"x":-0.20544683933258058,"y":2.86812686920166,"z":-0.008084297180175782},"rotation":{"x":0.01713971048593521,"y":0.9405601620674133,"z":-0.04801030457019806,"w":0.33578041195869448},"size":3.044764757156372,"orthographic":false}